city,state,active_stores,total_sales,sales_per_store,total_transactions,transactions_per_store,comparable_growth_pct,category_breadth,sales_score,transaction_score,growth_score,breadth_score,opportunity_score
Quito,Pichincha,18,156277446.8150126,8682080.37861181,15713845,872991.3888888889,6.080839014739592,13,100.0,100.0,52.38095238095239,75.60975609756098,88.03716608594658
Daule,Guayas,1,5527461.1803555,5527461.1803555,590406,590406.0,8.801968962413543,14,90.47619047619048,85.71428571428571,66.66666666666666,100.0,85.23809523809524
Ambato,Tungurahua,2,10874565.7096178,5437282.8548089,1313083,656541.5,10.41316659187883,12,85.71428571428571,90.47619047619048,76.19047619047619,36.58536585365854,80.32520325203252
Cayambe,Pichincha,1,7389801.326666,7389801.326666,848591,848591.0,7.31335776705444,11,95.23809523809523,95.23809523809523,57.14285714285714,9.75609756097561,79.07084785133564
Cuenca,Azuay,3,15842768.670862,5280922.890287333,1465029,488343.0,11.240104574861887,13,80.95238095238095,66.66666666666666,80.95238095238095,75.60975609756098,76.13240418118467
Esmeraldas,Esmeraldas,1,4866355.558152,4866355.558152,500647,500647.0,21.24967339183943,12,71.42857142857143,71.42857142857143,95.23809523809523,36.58536585365854,72.7061556329849
Machala,El Oro,2,10136815.8260505,5068407.91302525,916161,458080.5,16.908664416612694,13,76.19047619047619,47.61904761904761,90.47619047619048,75.60975609756098,70.41811846689896
Loja,Loja,1,4747877.1097137,4747877.1097137,560222,560222.0,4.155629704436881,12,61.904761904761905,80.95238095238095,38.095238095238095,36.58536585365854,60.32520325203252
Babahoyo,Los Rios,1,4826681.29715,4826681.29715,506198,506198.0,3.5588658731724676,12,66.66666666666666,76.19047619047619,33.33333333333333,36.58536585365854,59.849012775842034
Guayaquil,Guayas,8,34799355.4874014,4349919.435925175,3727231,465903.875,5.6716915561144665,13,52.38095238095239,57.14285714285714,47.61904761904761,75.60975609756098,55.18002322880373
Manta,Manabi,2,7119519.152955,3559759.5764775,693942,346971.0,10.323730499303952,12,47.61904761904761,23.809523809523807,71.42857142857143,36.58536585365854,44.134727061556326
Libertad,Guayas,1,4430243.986119,4430243.986119,422356,422356.0,-0.4368672126217943,13,57.14285714285714,38.095238095238095,4.761904761904762,75.60975609756098,42.79907084785133
Santo Domingo,Santo Domingo de los Tsachilas,3,10649262.7061285,3549754.2353761666,1127289,375763.0,4.227792978460698,13,42.857142857142854,28.57142857142857,42.857142857142854,75.60975609756098,41.846689895470384
Riobamba,Chimborazo,1,2997616.709936,2997616.709936,465333,465333.0,8.46683795164196,12,23.809523809523807,52.38095238095239,61.904761904761905,36.58536585365854,41.27758420441347
Ibarra,Imbabura,1,2986424.33495,2986424.33495,479361,479361.0,3.383517358384003,12,19.047619047619047,61.904761904761905,28.57142857142857,36.58536585365854,35.56329849012776
El Carmen,Manabi,1,3237114.933124,3237114.933124,302519,302519.0,15.04686328188114,9,28.57142857142857,9.523809523809524,85.71428571428571,0.0,31.42857142857143
Quevedo,Los Rios,1,3527744.916957,3527744.916957,329317,329317.0,-0.1091675050897356,13,38.095238095238095,19.047619047619047,9.523809523809524,75.60975609756098,30.418118466898957
Guaranda,Bolivar,1,3399883.595976,3399883.595976,427564,427564.0,-0.004846492391541446,11,33.33333333333333,42.857142857142854,14.285714285714285,9.75609756097561,30.02322880371661
Puyo,Pastaza,1,2349342.914932,2349342.914932,276865,276865.0,34.953097863096794,12,4.761904761904762,4.761904761904762,100.0,36.58536585365854,26.991869918699187
Salinas,Santa Elena,1,2868653.6599895,2868653.6599895,305980,305980.0,-3.581493377738365,14,14.285714285714285,14.285714285714285,0.0,100.0,20.0
Latacunga,Cotopaxi,2,5395673.704124,2697836.852062,755284,377642.0,1.5855505874621478,11,9.523809523809524,33.33333333333333,23.809523809523807,9.75609756097561,19.54703832752613
Playas,Guayas,1,2058072.156042,2058072.156042,253474,253474.0,0.5733612846963387,13,0.0,0.0,19.047619047619047,75.60975609756098,11.370499419279907
